shop=# \d customer
                                    Table "public.customer"
 Column |          Type          | Collation | Nullable |               Default
--------+------------------------+-----------+----------+--------------------------------------
 id     | integer                |           | not null | nextval('customer_id_seq'::regclass)
 name   | character varying(255) |           | not null |
 phone  | character varying(20)  |           | not null |
 email  | character varying(255) |           | not null |
Indexes:
    "customer_pkey" PRIMARY KEY, btree (id)
    "customer_email_key" UNIQUE CONSTRAINT, btree (email)
Referenced by:
    TABLE "cart" CONSTRAINT "cart_customer_id_fkey" FOREIGN KEY (customer_id) REFERENCES customer(id)

shop=# insert into customer (name, phone, email) values ('Andrew', '+37529785XXXX57', 'andrewtheslayer@gmail.com'), ('Hanna', '+37533575XXXX890', 'galinamacropyra@mail.ru'), ('Valera', '+7925867XXXX32', "valet9678@yandex.ru");
ERROR:  column "valet9678@yandex.ru" does not exist
LINE 1: ...macropyra@mail.ru'), ('Valera', '+7925867XXXX32', "valet9678...
                                                             ^
shop=# insert into customer (name, phone, email) values ('Andrew', '+37529785XXXX57', 'andrewtheslayer@gmail.com'), ('Hanna', '+37533575XXXX890', 'galinamacropyra@mail.ru'), ('Valera', '+7925867XXXX32', 'valet9678@yandex.ru');
INSERT 0 3
shop=# SELECT * FROM customer;
 id |  name  |      phone       |           email
----+--------+------------------+---------------------------
  1 | Andrew | +37529785XXXX57  | andrewtheslayer@gmail.com
  2 | Hanna  | +37533575XXXX890 | galinamacropyra@mail.ru
  3 | Valera | +7925867XXXX32   | valet9678@yandex.ru
(3 rows)

shop=# \d product
                                      Table "public.product"
   Column    |          Type          | Collation | Nullable |               Default
-------------+------------------------+-----------+----------+-------------------------------------
 id          | integer                |           | not null | nextval('product_id_seq'::regclass)
 name        | character varying(255) |           | not null |
 description | text                   |           |          |
 price       | double precision       |           | not null |
Indexes:
    "product_pkey" PRIMARY KEY, btree (id)
Referenced by:
    TABLE "cart_product" CONSTRAINT "cart_product_product_id_fkey" FOREIGN KEY (product_id) REFERENCES product(id)
    TABLE "product_photo" CONSTRAINT "product_photo_product_id_fkey" FOREIGN KEY (product_id) REFERENCES product(id)

shop=# insert into product (name, description, price) values ('Apple MackBook Air M1', 'new architecture', 150000), ('metta Samurai S3.04', 'The Best Chair Ever', 24500), ('Xiaomi Mi Surface Display', '34 inch ultraWide Gaming Monitor', 36000);
INSERT 0 3
shop=# \d product photo
                                      Table "public.product"
   Column    |          Type          | Collation | Nullable |               Default
-------------+------------------------+-----------+----------+-------------------------------------
 id          | integer                |           | not null | nextval('product_id_seq'::regclass)
 name        | character varying(255) |           | not null |
 description | text                   |           |          |
 price       | double precision       |           | not null |
Indexes:
    "product_pkey" PRIMARY KEY, btree (id)
Referenced by:
    TABLE "cart_product" CONSTRAINT "cart_product_product_id_fkey" FOREIGN KEY (product_id) REFERENCES product(id)
    TABLE "product_photo" CONSTRAINT "product_photo_product_id_fkey" FOREIGN KEY (product_id) REFERENCES product(id)

\d: extra argument "photo" ignored
shop=# \d product_photo
                                      Table "public.product_photo"
   Column   |          Type          | Collation | Nullable |                  Default
------------+------------------------+-----------+----------+-------------------------------------------
 id         | integer                |           | not null | nextval('product_photo_id_seq'::regclass)
 url        | character varying(255) |           |          |
 product_id | integer                |           | not null |
Indexes:
    "product_photo_pkey" PRIMARY KEY, btree (id)
    "product_photo_url_key" UNIQUE CONSTRAINT, btree (url)
Foreign-key constraints:
    "product_photo_product_id_fkey" FOREIGN KEY (product_id) REFERENCES product(id)

shop=# insert into product_photo (url, product_id), values ('macbook ph', 1), ('chair ph', 2), ('xi ph', 3);
ERROR:  syntax error at or near ","
LINE 1: insert into product_photo (url, product_id), values ('macboo...
                                                   ^
shop=# insert into product_photo (url, product_id) values ('macbook ph', 1), ('chair ph', 2), ('xi ph', 3);
INSERT 0 3
shop=# insert into cart customer_id values 1, 2, 3;
ERROR:  syntax error at or near "customer_id"
LINE 1: insert into cart customer_id values 1, 2, 3;
                         ^
shop=# insert into cart (customer_id) values (1), (2), (3);
INSERT 0 3
shop=# insrt into cart_product (cart_id, product_id), values (1, 1), (1, 3), (2, 3), (3, 2);
ERROR:  syntax error at or near "insrt"
LINE 1: insrt into cart_product (cart_id, product_id), values (1, 1)...
        ^
shop=# insrt into cart_product (cart_id, product_id) values (1, 1), (1, 3), (2, 3), (3, 2);
ERROR:  syntax error at or near "insrt"
LINE 1: insrt into cart_product (cart_id, product_id) values (1, 1),...
        ^
shop=# insert into cart_product (cart_id, product_id) values (1, 1), (1, 3), (2, 3), (3, 2);
INSERT 0 4
shop=# SELECT c.name,c.email,p.name,p.price from customer c left join cart on cart.id=c.id left join cart_product cp on cp.cart_id=cart.id left join product p on p.id=cp.product_id;
  name  |           email           |           name            | price
--------+---------------------------+---------------------------+--------
 Andrew | andrewtheslayer@gmail.com | Apple MackBook Air M1     | 150000
 Andrew | andrewtheslayer@gmail.com | Xiaomi Mi Surface Display |  36000
 Hanna  | galinamacropyra@mail.ru   | Xiaomi Mi Surface Display |  36000
 Valera | valet9678@yandex.ru       | metta Samurai S3.04       |  24500
(4 rows)